{"epoch": 6, "train_loss": 3.100135624408722, "eval_loss": 2.417951835519613, "eval_top1": 9.882832399145778, "eval_top5": 48.8792664289353, "_timestamp": 1696447991.6921747, "_runtime": 215.2325587272644, "_step": 6}