{"epoch": 20, "train_loss": 2.2993694146474204, "eval_loss": 2.3035164209755474, "eval_top1": 9.093224656138563, "eval_top5": 48.8792664289353, "_timestamp": 1696450169.9194167, "_runtime": 530.7232005596161, "_step": 21, "best_metric": 21.319409091073034, "_wandb": {"runtime": 530}}