{"epoch": 0, "train_loss": 2.4052954536594755, "eval_loss": 2.412376094745223, "eval_top1": 7.235668790416353, "eval_top5": 49.07006368940803, "_timestamp": 1696532942.6314445, "_runtime": 66.13736844062805, "_step": 1, "best_metric": 7.235668790416353, "_wandb": {"runtime": 65}}