{"epoch": 20, "train_loss": 3.0788283348083496, "eval_loss": 2.408433957908813, "eval_top1": 9.093224656138563, "eval_top5": 48.8792664289353, "_timestamp": 1696449142.934392, "_runtime": 616.6271798610687, "_step": 21, "best_metric": 19.307182879455226, "_wandb": {"runtime": 616}}