{"epoch": 25, "train_loss": 2.6461780071258545, "eval_loss": 2.2153093956953644, "eval_top1": 25.49668871257236, "eval_top5": 74.8853795172545, "_timestamp": 1696476562.594878, "_runtime": 487.66764307022095, "_step": 25}