{"epoch": 309, "train_loss": 2.2934666872024536, "eval_loss": 2.1377972968670402, "eval_top1": 28.960774321126138, "eval_top5": 75.31839021127927, "_timestamp": 1696486411.8732188, "_runtime": 5840.163487672806, "_step": 310, "best_metric": 29.3428425839891, "_wandb": {"runtime": 5839}}