{"epoch": 46, "train_loss": 2.3860323396447587, "eval_loss": 2.0242769705414014, "eval_top1": 31.031847192071805, "eval_top5": 77.68152874017217, "_timestamp": 1696534641.985132, "_runtime": 1643.0406959056854, "_step": 47, "best_metric": 31.108280313090912, "_wandb": {"runtime": 1642}}