{"epoch": 12, "train_loss": 3.077448844909668, "eval_loss": 2.412329263245033, "eval_top1": 10.417727967396841, "eval_top5": 50.585838003056544, "_timestamp": 1696448454.5679107, "_runtime": 393.5023036003113, "_step": 12}